{"accuracy": [0.04381793364882469, 0.08627717196941376, 0.12398097664117813, 0.13926629722118378, 0.19361412525177002, 0.21127717196941376, 0.22758151590824127, 0.24660326540470123, 0.2632472813129425, 0.28566575050354004, 0.29110053181648254, 0.29823368787765503, 0.30604618787765503, 0.3165760934352875, 0.3444293439388275, 0.34171196818351746, 0.35767662525177, 0.36820653080940247, 0.36616846919059753, 0.37669837474823], "loss": [3.606412887573242, 3.426924705505371, 3.232836961746216, 3.082556962966919, 2.9130265712738037, 2.8045122623443604, 2.7094500064849854, 2.6235897541046143, 2.5416946411132812, 2.484950065612793, 2.4274511337280273, 2.38824462890625, 2.3230817317962646, 2.2882463932037354, 2.240954637527466, 2.2249953746795654, 2.189570188522339, 2.1577374935150146, 2.1310720443725586, 2.0797486305236816], "val_accuracy": [0.10461956262588501, 0.16847826540470123, 0.21739129722118378, 0.25, 0.28125, 0.31929346919059753, 0.3383152186870575, 0.36548912525177, 0.38858696818351746, 0.395380437374115, 0.40489131212234497, 0.4211956560611725, 0.45652174949645996, 0.4375, 0.45108696818351746, 0.46739131212234497, 0.47690218687057495, 0.46739131212234497, 0.479619562625885, 0.48233696818351746], "val_loss": [3.449561357498169, 3.2512404918670654, 3.0013391971588135, 2.8106470108032227, 2.669243574142456, 2.5154221057891846, 2.426335096359253, 2.3080153465270996, 2.234738826751709, 2.1544082164764404, 2.0853192806243896, 2.037789821624756, 1.9789183139801025, 1.9322857856750488, 1.8936817646026611, 1.8599082231521606, 1.8167259693145752, 1.7945884466171265, 1.75413179397583, 1.7241461277008057]}